INSERT INTO kategorija (kategorija_id, naziv, opis) VALUES
(1, 'Tamna čokolada', 'Premium tamne čokolade visokog udjela kakaa'),
(2, 'Mliječna čokolada', 'Kremaste mliječne čokolade s raznim okusima'),
(3, 'Bijela čokolada', 'Slatke bijele čokolade i kombinacije'),
(4, 'Praline', 'Ručno rađene praline punjene kremama i likerima'),
(5, 'Posebne ponude', 'Sezonske i limitirane kolekcije'),
(6, 'Čokoladne figure', 'Dekorativne figure od čokolade');


INSERT INTO dobavljac (dobavljac_id, naziv, kontakt_osoba, email, telefon, adresa) VALUES
(1, 'Cocoa Imports Europe', 'Marko Jurić', 'info@cocoa-eu.com', '01 555 111', 'Zagreb, Hrvatska'),
(2, 'Belgian Chocolate Supply', 'Anna De Vries', 'sales@belgianchoco.be', '+32 555 222', 'Brussels, Belgium'),
(3, 'Organic Cacao Farm', 'Luis Hernandez', 'contact@organiccacao.com', '+57 300 111', 'Medellin, Colombia');


INSERT INTO kupac (kupac_id, ime, prezime, email, lozinka, telefon) VALUES
(1, 'Luka', 'Kovač', 'luka@gmail.com', 'pass1', '0911111111'),
(2, 'Mia', 'Horvat', 'mia@gmail.com', 'pass2', '0911111112'),
(3, 'Ivan', 'Barić', 'ivan@gmail.com', 'pass3', '0911111113'),
(4, 'Ana', 'Novak', 'ana@gmail.com', 'pass4', '0911111114'),
(5, 'Petra', 'Marić', 'petra@gmail.com', 'pass5', '0911111115'),
(6, 'Marko', 'Šimić', 'marko@gmail.com', 'pass6', '0911111116'),
(7, 'Dario', 'Vuković', 'dario@gmail.com', 'pass7', '0911111117'),
(8, 'Nina', 'Kralj', 'nina@gmail.com', 'pass8', '0911111118'),
(9, 'Josip', 'Babić', 'josip@gmail.com', 'pass9', '0911111119'),
(10,'Sara', 'Lukic', 'sara@gmail.com', 'pass10', '0911111120');


INSERT INTO adresa (kupac_id, ulica, grad, postanski_broj, glavna_adresa) VALUES
(1,'Ilica 1','Zagreb','10000',1),
(1,'Gajeva 10','Zagreb','10000',0),
(2,'Korzo 5','Rijeka','51000',1),
(2,'Laginjina 2','Rijeka','51000',0),
(3,'Strossmayerova 3','Osijek','31000',1),
(3,'Vukovarska 9','Osijek','31000',0),
(4,'Poljička 7','Split','21000',1),
(4,'Riva 1','Split','21000',0),
(5,'Dubrava 12','Zagreb','10000',1),
(6,'Varaždinska 8','Varaždin','42000',1),
(7,'Čakovečka 15','Čakovec','40000',1),
(8,'Zagrebačka 22','Karlovac','47000',1),
(9,'Trg bana 4','Zagreb','10000',1),
(10,'Petrinjska 6','Zagreb','10000',1);


INSERT INTO proizvod (kategorija_id, naziv, opis, cijena, kolicina_na_skladistu, SKU) VALUES
(2,'Mliječna čokolada s lješnjakom','Kremasta mliječna s prženim lješnjacima',3.50,100,'ML1'),
(2,'Mliječna s dehidriranom malinom','Voćna nota maline u mliječnoj čokoladi',3.80,90,'ML2'),
(2,'Mliječna karamel sea salt','Slatko-slana kombinacija karamele i soli',4.00,80,'ML3'),
(2,'Mliječna čokolada s bademom','Hrskavi bademi u mliječnoj bazi',3.60,110,'ML4'),
(2,'Mliječna kokos dream','Egzotični kokos u mliječnoj čokoladi',3.90,95,'ML5');


INSERT INTO proizvod (kategorija_id, naziv, opis, cijena, kolicina_na_skladistu, SKU) VALUES
(1,'Tamna 70% kakao','Intenzivna gorka čokolada',3.20,120,'T1'),
(1,'Tamna s narančom','Citrusna aroma naranče',3.40,100,'T2'),
(1,'Tamna chili spice','Ljuta čokolada s chili paprikom',3.60,85,'T3');


INSERT INTO proizvod (kategorija_id, naziv, opis, cijena, kolicina_na_skladistu, SKU) VALUES
(3,'Bijela vanilija','Kremasta vanilija čokolada',3.10,110,'B1'),
(3,'Bijela s jagodom','Voćna jagoda u bijeloj čokoladi',3.30,95,'B2'),
(3,'Bijela pistacija','Premium pistacija blend',3.80,70,'B3');


INSERT INTO proizvod (kategorija_id, naziv, opis, cijena, kolicina_na_skladistu, SKU) VALUES
(4,'Praline rum','Punjenje s rum kremom',5.50,60,'P1'),
(4,'Praline lješnjak krema','Bogata lješnjak krema',5.80,65,'P2'),
(4,'Praline espresso','Kava + čokolada kombinacija',5.60,55,'P3');


INSERT INTO proizvod (kategorija_id, naziv, opis, cijena, kolicina_na_skladistu, SKU) VALUES
(5,'Valentinovo box','Mix premium čokolada',12.90,40,'S1'),
(5,'Božićna kolekcija','Sezonski paketić',14.90,35,'S2'),
(5,'Gourmet tasting set','Degustacijski paket',19.90,25,'S3');


INSERT INTO proizvod (kategorija_id, naziv, opis, cijena, kolicina_na_skladistu, SKU) VALUES
(6,'Čokoladni zeko','Ručna figura zeca',6.50,50,'F1'),
(6,'Čokoladni medvjedić','Dekorativni medvjedić',6.80,45,'F2'),
(6,'Čokoladno srce','Romantična figura srca',7.00,60,'F3');


DELIMITER $$

CREATE PROCEDURE generiraj_narudzbe()
BEGIN
    DECLARE i INT DEFAULT 1;
    DECLARE random_customer INT;
    DECLARE random_address INT;
    DECLARE order_id INT;

    WHILE i <= 60 DO

        SET random_customer = FLOOR(1 + RAND() * 10);

        SELECT adresa_id
        INTO random_address
        FROM adresa
        WHERE kupac_id = random_customer
        ORDER BY RAND()
        LIMIT 1;

        INSERT INTO narudzba (
            kupac_id,
            adresa_id,
            datum_narudzbe,
            status,
            ukupan_iznos
        )
        VALUES (
            random_customer,
            random_address,
            DATE_SUB(NOW(), INTERVAL FLOOR(RAND()*60) DAY),
            'Završena',
            0
        );

        SET order_id = LAST_INSERT_ID();

        INSERT INTO stavka_narudzbe (
			narudzba_id,
			proizvod_id,
			kolicina,
			cijena_po_komadu,
			ukupna_cijena
		)
		SELECT
			order_id,
			p.proizvod_id,
			kolicina,
			p.cijena,
			kolicina * p.cijena
		FROM (
			SELECT FLOOR(1 + RAND()*18) AS proizvod_id, FLOOR(1 + RAND()*5) AS kolicina
			UNION ALL
			SELECT FLOOR(1 + RAND()*18), FLOOR(1 + RAND()*3)
			UNION ALL
			SELECT FLOOR(1 + RAND()*18), FLOOR(1 + RAND()*3)
		) r
		JOIN proizvod p ON p.proizvod_id = r.proizvod_id;

        SET i = i + 1;
    END WHILE;

END $$

DELIMITER ;

CALL generiraj_narudzbe();

UPDATE narudzba n
SET ukupan_iznos = (
    SELECT SUM(ukupna_cijena)
    FROM stavka_narudzbe sn
    WHERE sn.narudzba_id = n.narudzba_id
);

INSERT INTO placanje (narudzba_id, nacin_placanja, iznos, status_placanja, datum_placanja)
SELECT 
    narudzba_id,
    ELT(FLOOR(1 + RAND()*3), 'Kartica', 'Pouzećem', 'PayPal'),
    ukupan_iznos,
    'Plaćeno',
    datum_narudzbe + INTERVAL FLOOR(RAND()*2) DAY
FROM narudzba;

INSERT INTO dostava (narudzba_id, kurirska_sluzba, broj_posiljke, status_dostave, procijenjeni_datum, stvarni_datum)
SELECT
    narudzba_id,
    ELT(FLOOR(1 + RAND()*3), 'DHL', 'GLS', 'HP'),
    CONCAT('HR', FLOOR(100000 + RAND()*900000)),
    'Dostavljeno',
    DATE(datum_narudzbe + INTERVAL 3 DAY),
    DATE(datum_narudzbe + INTERVAL 2 + FLOOR(RAND()*2) DAY)
FROM narudzba;


INSERT INTO nabava (dobavljac_id, datum_nabave, status, ukupan_iznos)
VALUES
(1, NOW() - INTERVAL 30 DAY, 'Zaprimljeno', 500),
(2, NOW() - INTERVAL 20 DAY, 'Zaprimljeno', 700),
(3, NOW() - INTERVAL 10 DAY, 'Zaprimljeno', 600);


INSERT INTO stavka_nabave (nabava_id, proizvod_id, kolicina, nabavna_cijena)
VALUES
(1, 1, 100, 2.0),
(1, 2, 80, 2.2),
(2, 6, 120, 1.8),
(2, 7, 90, 2.1),
(3, 10, 70, 2.5),
(3, 12, 60, 2.8);


INSERT INTO recenzija (kupac_id, proizvod_id, ocjena, komentar)
VALUES
(1,1,5,'Odlična čokolada!'),
(2,2,4,'Jako dobra, ali malo preslatka'),
(3,3,5,'Savršena kombinacija okusa'),
(4,4,4,'Fina i kremasta'),
(5,5,5,'Top proizvod!'),
(6,6,3,'Ok, ali očekivao sam više'),
(7,7,5,'Super okus naranče'),
(8,8,4,'Dobra, ali ljuta'),
(9,9,5,'Najbolja bijela čokolada'),
(10,10,4,'Vrlo ukusna'),
(1,6,5,'Tamna mi je favorit'),
(2,7,5,'Savršena aroma'),
(3,8,4,'Zanimljiva kombinacija'),
(4,9,5,'Odlična tekstura'),
(5,10,4,'Fino i lagano'),
(6,11,5,'Jagoda top'),
(7,12,5,'Pistacija odlična'),
(8,13,4,'Rum punjenje super'),
(9,14,5,'Lješnjak fantastičan'),
(10,15,5,'Espresso pun pogodak');







